{
  "repository": "django",
  "processing_time": 2.5625245571136475,
  "statistics": {
    "processed_count": 48,
    "error_count": 0,
    "total_count": 48,
    "skipped_count": 0,
    "retrieved_counts": {
      "min": 10,
      "max": 10,
      "avg": 10,
      "median": 10.0
    },
    "cost_times": {
      "min": 0.33547234535217285,
      "max": 1.229017734527588,
      "avg": 0.8557363798220953,
      "median": 1.0681861639022827,
      "total": 41.07534623146057
    }
  }
}