{
  "repository": "matplotlib",
  "processing_time": 2.013761043548584,
  "statistics": {
    "processed_count": 48,
    "error_count": 0,
    "total_count": 48,
    "skipped_count": 0,
    "retrieved_counts": {
      "min": 10,
      "max": 10,
      "avg": 10,
      "median": 10.0
    },
    "cost_times": {
      "min": 0.33304595947265625,
      "max": 1.3174972534179688,
      "avg": 0.8755462765693665,
      "median": 1.079305648803711,
      "total": 42.02622127532959
    }
  }
}