{
  "repository": "pylint",
  "processing_time": 2.030461311340332,
  "statistics": {
    "processed_count": 48,
    "error_count": 0,
    "total_count": 48,
    "skipped_count": 0,
    "retrieved_counts": {
      "min": 10,
      "max": 10,
      "avg": 10,
      "median": 10.0
    },
    "cost_times": {
      "min": 0.32749438285827637,
      "max": 1.2748243808746338,
      "avg": 0.8683717846870422,
      "median": 1.0614780187606812,
      "total": 41.68184566497803
    }
  }
}