{
  "repository": "pytest",
  "processing_time": 2.0479063987731934,
  "statistics": {
    "processed_count": 48,
    "error_count": 0,
    "total_count": 48,
    "skipped_count": 0,
    "retrieved_counts": {
      "min": 10,
      "max": 10,
      "avg": 10,
      "median": 10.0
    },
    "cost_times": {
      "min": 0.3339121341705322,
      "max": 1.2974181175231934,
      "avg": 0.875841016570727,
      "median": 1.0841354131698608,
      "total": 42.0403687953949
    }
  }
}