{
  "repository": "reflex",
  "processing_time": 1.6402678489685059,
  "statistics": {
    "processed_count": 48,
    "error_count": 0,
    "total_count": 48,
    "skipped_count": 0,
    "retrieved_counts": {
      "min": 10,
      "max": 10,
      "avg": 10,
      "median": 10.0
    },
    "cost_times": {
      "min": 0.3267397880554199,
      "max": 1.2463905811309814,
      "avg": 0.864659254749616,
      "median": 1.071148157119751,
      "total": 41.50364422798157
    }
  }
}