{
  "repository": "scikit-learn",
  "processing_time": 2.4174044132232666,
  "statistics": {
    "processed_count": 48,
    "error_count": 0,
    "total_count": 48,
    "skipped_count": 0,
    "retrieved_counts": {
      "min": 10,
      "max": 10,
      "avg": 10,
      "median": 10.0
    },
    "cost_times": {
      "min": 0.33084535598754883,
      "max": 1.2832763195037842,
      "avg": 0.8835308303435644,
      "median": 1.0913511514663696,
      "total": 42.40947985649109
    }
  }
}