{
  "repository": "sqlfluff",
  "processing_time": 1.67299485206604,
  "statistics": {
    "processed_count": 48,
    "error_count": 0,
    "total_count": 48,
    "skipped_count": 0,
    "retrieved_counts": {
      "min": 10,
      "max": 10,
      "avg": 10,
      "median": 10.0
    },
    "cost_times": {
      "min": 0.33292126655578613,
      "max": 1.2329192161560059,
      "avg": 0.8564167469739914,
      "median": 1.064008355140686,
      "total": 41.10800385475159
    }
  }
}