{
  "repository": "streamlink",
  "processing_time": 1.583803415298462,
  "statistics": {
    "processed_count": 48,
    "error_count": 0,
    "total_count": 48,
    "skipped_count": 0,
    "retrieved_counts": {
      "min": 10,
      "max": 10,
      "avg": 10,
      "median": 10.0
    },
    "cost_times": {
      "min": 0.32493066787719727,
      "max": 1.322507619857788,
      "avg": 0.85604960223039,
      "median": 1.0615110397338867,
      "total": 41.090380907058716
    }
  }
}