{
  "repository": "sympy",
  "processing_time": 2.9190149307250977,
  "statistics": {
    "processed_count": 48,
    "error_count": 0,
    "total_count": 48,
    "skipped_count": 0,
    "retrieved_counts": {
      "min": 10,
      "max": 10,
      "avg": 10,
      "median": 10.0
    },
    "cost_times": {
      "min": 0.32904624938964844,
      "max": 1.2601802349090576,
      "avg": 0.8602283348639806,
      "median": 1.0708999633789062,
      "total": 41.29096007347107
    }
  }
}