{
  "repository": "xarray",
  "processing_time": 1.7400624752044678,
  "statistics": {
    "processed_count": 48,
    "error_count": 0,
    "total_count": 48,
    "skipped_count": 0,
    "retrieved_counts": {
      "min": 10,
      "max": 10,
      "avg": 10,
      "median": 10.0
    },
    "cost_times": {
      "min": 0.33365511894226074,
      "max": 1.2365081310272217,
      "avg": 0.8684230248133341,
      "median": 1.0917301177978516,
      "total": 41.68430519104004
    }
  }
}