{
  "repository": "conan",
  "processing_time": 0.02539515495300293,
  "statistics": {
    "processed_count": 48,
    "error_count": 0,
    "total_count": 48,
    "skipped_count": 0,
    "retrieved_counts": {
      "min": 0,
      "max": 0,
      "avg": 0,
      "median": 0.0
    },
    "cost_times": {
      "min": 1.0728836059570312e-05,
      "max": 0.0031881332397460938,
      "avg": 0.0008656928936640421,
      "median": 0.0004413127899169922,
      "total": 0.04155325889587402
    }
  }
}