{
  "repository": "reflex",
  "processing_time": 0.02904200553894043,
  "statistics": {
    "processed_count": 48,
    "error_count": 0,
    "total_count": 48,
    "skipped_count": 0,
    "retrieved_counts": {
      "min": 0,
      "max": 0,
      "avg": 0,
      "median": 0.0
    },
    "cost_times": {
      "min": 1.4066696166992188e-05,
      "max": 0.008039236068725586,
      "avg": 0.0024330665667851767,
      "median": 0.0018177032470703125,
      "total": 0.11678719520568848
    }
  }
}