{
  "repository": "streamlink",
  "processing_time": 0.02343010902404785,
  "statistics": {
    "processed_count": 48,
    "error_count": 0,
    "total_count": 48,
    "skipped_count": 0,
    "retrieved_counts": {
      "min": 0,
      "max": 0,
      "avg": 0,
      "median": 0.0
    },
    "cost_times": {
      "min": 0.00018095970153808594,
      "max": 0.007071971893310547,
      "avg": 0.0019644051790237427,
      "median": 0.0015274286270141602,
      "total": 0.09429144859313965
    }
  }
}