{
  "repository": "sympy",
  "processing_time": 1.9163269996643066,
  "statistics": {
    "processed_count": 48,
    "error_count": 0,
    "total_count": 48,
    "skipped_count": 0,
    "retrieved_counts": {
      "min": 10,
      "max": 10,
      "avg": 10,
      "median": 10.0
    },
    "cost_times": {
      "min": 0.3496692180633545,
      "max": 1.40317702293396,
      "avg": 0.9526351392269135,
      "median": 1.148836612701416,
      "total": 45.726486682891846
    }
  }
}